,customer_id,age,income,region,account_type,age_category,income_category
0,1001,52,114983,Basel,Premium,senior,top income
1,1002,42,103115,Basel,Basic,adult,top income
2,1003,54,81490,Basel,Basic,senior,middle income
3,1004,67,63826,Bern,Premium,old,low income
4,1005,41,97455,Lausanne,Basic,adult,upper income
5,1006,41,89837,Lausanne,Premium,adult,upper income
6,1007,68,102379,Geneva,Basic,old,top income
7,1008,56,95879,Lausanne,Basic,old,upper income
8,1009,37,106238,Lausanne,Basic,adult,top income
9,1010,53,66619,Basel,Basic,senior,middle income
10,1011,38,112934,Basel,Premium,adult,top income
11,1012,38,84939,Geneva,Basic,adult,upper income
12,1013,48,131881,Zurich,Premium,senior,top income
13,1014,18,62770,Geneva,Gold,young,low income
14,1015,19,123399,Geneva,Premium,young,top income
15,1016,36,84947,Bern,Premium,adult,upper income
16,1017,29,63714,Bern,Basic,young,low income
17,1018,49,67902,Geneva,Basic,senior,middle income
18,1019,31,71991,Geneva,Premium,young,middle income
19,1020,23,90604,Geneva,Basic,young,upper income
20,1021,66,93070,Lausanne,Premium,old,upper income
21,1022,41,65657,Bern,Basic,adult,middle income
22,1023,46,79391,Geneva,Premium,senior,middle income
23,1024,23,133556,Basel,Gold,young,top income
24,1025,36,123188,Basel,Gold,adult,top income
25,1026,46,90908,Lausanne,Premium,senior,upper income
26,1027,27,80950,Lausanne,Premium,young,middle income
27,1028,50,83000,Zurich,Premium,senior,upper income
28,1029,35,95337,Zurich,Premium,young,upper income
29,1030,40,54430,Zurich,Basic,adult,low income
30,1031,35,73565,Lausanne,Basic,young,middle income
31,1032,72,38285,Lausanne,Basic,,low income
32,1033,44,89980,Lausanne,Gold,adult,upper income
33,1034,29,96179,Basel,Basic,young,upper income
34,1035,57,67920,Lausanne,Premium,old,middle income
35,1036,26,119349,Basel,Premium,young,top income
36,1037,48,49355,Zurich,Premium,senior,low income
37,1038,18,43390,Zurich,Premium,young,low income
38,1039,25,85611,Zurich,Basic,young,upper income
39,1040,47,106177,Geneva,Premium,senior,top income
40,1041,56,122098,Geneva,Gold,old,top income
41,1042,47,68527,Bern,Basic,senior,middle income
42,1043,43,106967,Bern,Basic,adult,top income
43,1044,40,79037,Bern,Premium,adult,middle income
44,1045,22,75684,Geneva,Gold,young,middle income
45,1046,34,102091,Geneva,Basic,young,top income
46,1047,38,96308,Bern,Premium,adult,upper income
47,1048,60,40590,Bern,Gold,old,low income
48,1049,50,116913,Lausanne,Basic,senior,top income
49,1050,18,114502,Bern,Gold,young,top income
50,1051,49,64360,Lausanne,Premium,senior,low income
51,1052,39,89895,Basel,Premium,adult,upper income
52,1053,34,92350,Geneva,Premium,young,upper income
53,1054,54,86516,Bern,Basic,senior,upper income
54,1055,60,66242,Geneva,Basic,old,middle income
55,1056,58,63209,Geneva,Basic,old,low income
56,1057,32,79361,Geneva,Basic,young,middle income
57,1058,40,109318,Basel,Basic,adult,top income
58,1059,49,93590,Zurich,Gold,senior,upper income
59,1060,59,70734,Bern,Gold,old,middle income
60,1061,37,99292,Zurich,Premium,adult,top income
61,1062,42,30000,Zurich,Gold,adult,low income
62,1063,28,108719,Zurich,Premium,young,top income
63,1064,27,36507,Geneva,Basic,young,low income
64,1065,57,70938,Lausanne,Basic,old,middle income
65,1066,65,52008,Geneva,Premium,old,low income
66,1067,43,47632,Geneva,Premium,adult,low income
67,1068,60,109020,Zurich,Basic,old,top income
68,1069,50,68307,Geneva,Premium,senior,middle income
69,1070,35,88662,Zurich,Basic,young,upper income
70,1071,50,78826,Lausanne,Premium,senior,middle income
71,1072,68,91926,Bern,Gold,old,upper income
72,1073,44,81920,Zurich,Premium,adult,upper income
73,1074,68,47925,Lausanne,Gold,old,low income
74,1075,18,104906,Bern,Gold,young,top income
75,1076,57,67656,Basel,Gold,old,middle income
76,1077,46,41085,Zurich,Gold,senior,low income
77,1078,40,69297,Zurich,Gold,adult,middle income
78,1079,46,117518,Basel,Premium,senior,top income
79,1080,18,101255,Basel,Basic,young,top income
80,1081,41,71283,Zurich,Basic,adult,middle income
81,1082,50,71268,Basel,Premium,senior,middle income
82,1083,67,71959,Geneva,Basic,old,middle income
83,1084,37,131918,Bern,Basic,adult,top income
84,1085,32,89548,Bern,Gold,young,upper income
85,1086,37,90751,Bern,Gold,adult,upper income
86,1087,58,105757,Geneva,Gold,old,top income
87,1088,49,85969,Basel,Basic,senior,upper income
88,1089,37,73523,Lausanne,Basic,adult,middle income
89,1090,52,75091,Basel,Basic,senior,middle income
90,1091,46,78209,Zurich,Basic,senior,middle income
91,1092,59,79069,Bern,Basic,old,middle income
92,1093,34,98190,Basel,Basic,young,upper income
93,1094,40,81298,Lausanne,Gold,adult,middle income
94,1095,39,98316,Zurich,Premium,adult,top income
95,1096,23,77982,Geneva,Basic,young,middle income
96,1097,49,81965,Geneva,Basic,senior,upper income
97,1098,48,30044,Lausanne,Premium,senior,low income
98,1099,45,102908,Zurich,Basic,adult,top income
99,1100,41,88662,Bern,Gold,adult,upper income
100,1101,23,104950,Basel,Basic,young,top income
101,1102,38,30000,Zurich,Basic,adult,low income
102,1103,39,132209,Geneva,Basic,adult,top income
103,1104,32,76510,Lausanne,Basic,young,middle income
104,1105,42,107704,Lausanne,Premium,adult,top income
105,1106,51,54002,Basel,Premium,senior,low income
106,1107,73,95319,Lausanne,Premium,,upper income
107,1108,47,53664,Lausanne,Basic,senior,low income
108,1109,48,64405,Zurich,Premium,senior,low income
109,1110,43,127850,Bern,Premium,adult,top income
110,1111,18,75232,Basel,Gold,young,middle income
111,1112,44,85435,Zurich,Basic,adult,upper income
112,1113,45,101751,Bern,Basic,adult,top income
113,1114,80,92392,Zurich,Premium,,upper income
114,1115,42,83760,Zurich,Premium,adult,upper income
115,1116,49,89124,Lausanne,Basic,senior,upper income
116,1117,44,140085,Bern,Basic,adult,top income
117,1118,27,78559,Basel,Basic,young,middle income
118,1119,62,85027,Basel,Gold,old,upper income
119,1120,56,106266,Bern,Basic,old,top income
120,1121,56,107638,Lausanne,Gold,old,top income
121,1122,31,109675,Geneva,Premium,young,top income
122,1123,66,95968,Zurich,Gold,old,upper income
123,1124,23,51424,Lausanne,Gold,young,low income
124,1125,53,120835,Bern,Basic,senior,top income
125,1126,77,51341,Zurich,Gold,,low income
126,1127,30,87565,Basel,Basic,young,upper income
127,1128,36,61143,Geneva,Gold,adult,low income
128,1129,46,78396,Basel,Premium,senior,middle income
129,1130,37,88219,Bern,Basic,adult,upper income
130,1131,21,88033,Zurich,Premium,young,upper income
131,1132,46,90548,Bern,Gold,senior,upper income
132,1133,29,120342,Zurich,Basic,young,top income
133,1134,52,91338,Lausanne,Premium,senior,upper income
134,1135,31,73896,Geneva,Premium,young,middle income
135,1136,68,104102,Lausanne,Gold,old,top income
136,1137,33,109736,Lausanne,Basic,young,top income
137,1138,40,49309,Bern,Basic,adult,low income
138,1139,57,94935,Geneva,Basic,old,upper income
139,1140,26,97529,Zurich,Premium,young,upper income
140,1141,48,72560,Zurich,Basic,senior,middle income
141,1142,64,114392,Basel,Gold,old,top income
142,1143,20,76248,Zurich,Basic,young,middle income
143,1144,47,83139,Bern,Premium,senior,upper income
144,1145,48,75673,Lausanne,Basic,senior,middle income
145,1146,56,80389,Lausanne,Basic,old,middle income
146,1147,26,52593,Lausanne,Basic,young,low income
147,1148,25,43998,Geneva,Basic,young,low income
148,1149,52,119862,Zurich,Premium,senior,top income
149,1150,49,58825,Bern,Gold,senior,low income
150,1151,48,55215,Geneva,Premium,senior,low income
151,1152,50,30000,Basel,Gold,senior,low income
152,1153,34,64025,Bern,Gold,young,low income
153,1154,48,46922,Bern,Premium,senior,low income
154,1155,49,121050,Bern,Gold,senior,top income
155,1156,34,105245,Lausanne,Premium,young,top income
156,1157,72,62796,Bern,Basic,,low income
157,1158,52,136310,Zurich,Premium,senior,top income
158,1159,27,104544,Bern,Basic,young,top income
159,1160,54,71879,Lausanne,Premium,senior,middle income
160,1161,30,30000,Bern,Premium,young,low income
161,1162,56,137273,Basel,Basic,old,top income
162,1163,62,45260,Basel,Basic,old,low income
163,1164,32,38865,Lausanne,Gold,young,low income
164,1165,59,105564,Zurich,Premium,old,top income
165,1166,51,140993,Zurich,Basic,senior,top income
166,1167,57,114606,Geneva,Premium,old,top income
167,1168,73,94097,Lausanne,Premium,,upper income
168,1169,41,94868,Bern,Premium,adult,upper income
169,1170,33,101335,Lausanne,Gold,young,top income
170,1171,31,98973,Geneva,Premium,young,top income
171,1172,32,87029,Lausanne,Basic,young,upper income
172,1173,43,82605,Lausanne,Gold,adult,upper income
173,1174,50,78435,Geneva,Gold,senior,middle income
174,1175,49,61150,Zurich,Basic,senior,low income
175,1176,57,72983,Bern,Basic,old,middle income
176,1177,45,37676,Geneva,Basic,adult,low income
177,1178,66,77541,Basel,Premium,old,middle income
178,1179,41,55285,Zurich,Premium,adult,low income
179,1180,80,52410,Basel,Premium,,low income
180,1181,54,84497,Zurich,Gold,senior,upper income
181,1182,32,114800,Bern,Premium,young,top income
182,1183,28,102957,Bern,Basic,young,top income
183,1184,52,40737,Lausanne,Basic,senior,low income
184,1185,41,55259,Basel,Basic,adult,low income
185,1186,55,103519,Zurich,Basic,old,top income
186,1187,52,55437,Bern,Premium,senior,low income
187,1188,43,74384,Geneva,Gold,adult,middle income
188,1189,32,93751,Bern,Basic,young,upper income
189,1190,22,55791,Geneva,Premium,young,low income
190,1191,38,82634,Zurich,Premium,adult,upper income
191,1192,57,46649,Bern,Basic,old,low income
192,1193,48,64965,Bern,Basic,senior,middle income
193,1194,26,87994,Zurich,Basic,young,upper income
194,1195,47,40175,Bern,Basic,senior,low income
195,1196,50,91011,Geneva,Gold,senior,upper income
196,1197,31,79509,Bern,Basic,young,middle income
197,1198,47,93812,Basel,Basic,senior,upper income
198,1199,45,85597,Lausanne,Premium,adult,upper income
199,1200,27,114103,Geneva,Gold,young,top income
200,1201,50,83130,Basel,Basic,senior,upper income
201,1202,53,69264,Zurich,Basic,senior,middle income
202,1203,61,83057,Geneva,Basic,old,upper income
203,1204,60,93582,Lausanne,Basic,old,upper income
204,1205,24,81221,Lausanne,Basic,young,middle income
205,1206,30,81014,Zurich,Premium,young,middle income
206,1207,52,62450,Zurich,Basic,senior,low income
207,1208,52,63427,Geneva,Basic,senior,low income
208,1209,52,44934,Bern,Gold,senior,low income
209,1210,80,123739,Zurich,Basic,,top income
210,1211,53,48903,Bern,Basic,senior,low income
211,1212,62,62677,Basel,Basic,old,low income
212,1213,59,62039,Lausanne,Gold,old,low income
213,1214,54,102373,Bern,Basic,senior,top income
214,1215,40,72626,Lausanne,Gold,adult,middle income
215,1216,56,111193,Bern,Premium,old,top income
216,1217,33,63162,Basel,Basic,young,low income
217,1218,41,86974,Zurich,Gold,adult,upper income
218,1219,37,59116,Basel,Basic,adult,low income
219,1220,46,133628,Zurich,Basic,senior,top income
220,1221,79,50310,Zurich,Gold,,low income
221,1222,18,87745,Lausanne,Premium,young,upper income
222,1223,55,95844,Basel,Premium,old,upper income
223,1224,20,90344,Bern,Basic,young,upper income
224,1225,37,75367,Basel,Basic,adult,middle income
225,1226,61,76754,Lausanne,Premium,old,middle income
226,1227,45,81095,Zurich,Basic,adult,middle income
227,1228,28,76324,Lausanne,Basic,young,middle income
228,1229,34,104096,Geneva,Basic,young,top income
229,1230,55,135263,Geneva,Basic,old,top income
230,1231,34,66062,Bern,Gold,young,middle income
231,1232,48,45754,Lausanne,Basic,senior,low income
232,1233,45,77792,Bern,Gold,adult,middle income
233,1234,35,144492,Bern,Basic,young,top income
234,1235,77,59908,Geneva,Premium,,low income
235,1236,54,120977,Bern,Basic,senior,top income
236,1237,18,121942,Geneva,Basic,young,top income
237,1238,47,66160,Zurich,Basic,senior,middle income
238,1239,35,94224,Lausanne,Basic,young,upper income
239,1240,57,120709,Bern,Premium,old,top income
240,1241,33,70521,Geneva,Gold,young,middle income
241,1242,43,74910,Basel,Premium,adult,middle income
242,1243,52,65457,Bern,Basic,senior,middle income
243,1244,57,54631,Zurich,Basic,old,low income
244,1245,26,63768,Zurich,Basic,young,low income
245,1246,39,49401,Basel,Premium,adult,low income
246,1247,37,80852,Geneva,Premium,adult,middle income
247,1248,35,60750,Bern,Gold,young,low income
248,1249,71,85844,Geneva,Basic,,upper income
249,1250,51,41102,Zurich,Premium,senior,low income
250,1251,26,88272,Geneva,Basic,young,upper income
251,1252,58,100838,Zurich,Premium,old,top income
252,1253,76,30156,Geneva,Premium,,low income
253,1254,60,89351,Basel,Premium,old,upper income
254,1255,22,110691,Lausanne,Premium,young,top income
255,1256,37,49758,Basel,Basic,adult,low income
256,1257,64,121814,Basel,Premium,old,top income
257,1258,34,90475,Lausanne,Basic,young,upper income
258,1259,51,62374,Lausanne,Premium,senior,low income
259,1260,56,78605,Bern,Basic,old,middle income
260,1261,31,93958,Bern,Premium,young,upper income
261,1262,44,81900,Basel,Gold,adult,upper income
262,1263,18,93468,Basel,Gold,young,upper income
263,1264,29,56983,Zurich,Gold,young,low income
264,1265,41,84234,Zurich,Premium,adult,upper income
265,1266,26,44657,Bern,Premium,young,low income
266,1267,69,77219,Bern,Premium,old,middle income
267,1268,23,57402,Zurich,Gold,young,low income
268,1269,38,61611,Zurich,Basic,adult,low income
269,1270,46,110902,Geneva,Gold,senior,top income
270,1271,66,107282,Geneva,Gold,old,top income
271,1272,23,95228,Zurich,Premium,young,upper income
272,1273,62,52692,Geneva,Basic,old,low income
273,1274,45,72089,Lausanne,Basic,adult,middle income
274,1275,30,110327,Bern,Gold,young,top income
275,1276,51,83542,Bern,Basic,senior,upper income
276,1277,47,137983,Zurich,Gold,senior,top income
277,1278,35,89832,Basel,Basic,young,upper income
278,1279,46,84801,Zurich,Basic,senior,upper income
279,1280,39,72272,Geneva,Gold,adult,middle income
280,1281,46,83338,Basel,Premium,senior,upper income
281,1282,54,76188,Geneva,Premium,senior,middle income
282,1283,68,97702,Lausanne,Premium,old,upper income
283,1284,26,103917,Geneva,Basic,young,top income
284,1285,76,60350,Lausanne,Premium,,low income
285,1286,18,46719,Lausanne,Basic,young,low income
286,1287,42,34094,Geneva,Gold,adult,low income
287,1288,53,92699,Geneva,Gold,senior,upper income
288,1289,49,52415,Lausanne,Basic,senior,low income
289,1290,35,30000,Basel,Premium,young,low income
290,1291,41,89714,Lausanne,Premium,adult,upper income
291,1292,37,142324,Bern,Basic,adult,top income
292,1293,36,79848,Lausanne,Gold,adult,middle income
293,1294,57,100962,Basel,Basic,old,top income
294,1295,50,82045,Bern,Basic,senior,upper income
295,1296,34,77527,Zurich,Premium,young,middle income
296,1297,58,102976,Zurich,Premium,old,top income
297,1298,49,72743,Basel,Premium,senior,middle income
298,1299,57,86684,Lausanne,Premium,old,upper income
299,1300,54,88042,Geneva,Premium,senior,upper income
300,1301,32,63297,Basel,Premium,young,low income
301,1302,36,104801,Bern,Basic,adult,top income
302,1303,56,75626,Bern,Basic,old,middle income
303,1304,54,61106,Zurich,Basic,senior,low income
304,1305,44,93412,Bern,Basic,adult,upper income
305,1306,46,57538,Basel,Premium,senior,low income
306,1307,64,80704,Bern,Basic,old,middle income
307,1308,36,79772,Basel,Basic,adult,middle income
308,1309,53,107147,Geneva,Basic,senior,top income
309,1310,41,91867,Zurich,Gold,adult,upper income
310,1311,41,79374,Bern,Gold,adult,middle income
311,1312,61,100444,Basel,Premium,old,top income
312,1313,57,114755,Lausanne,Gold,old,top income
313,1314,57,93945,Zurich,Premium,old,upper income
314,1315,64,80258,Geneva,Premium,old,middle income
315,1316,45,47204,Basel,Basic,adult,low income
316,1317,55,53372,Geneva,Premium,old,low income
317,1318,40,72369,Geneva,Premium,adult,middle income
318,1319,49,64762,Bern,Premium,senior,low income
319,1320,43,75325,Bern,Premium,adult,middle income
320,1321,46,81416,Basel,Premium,senior,middle income
321,1322,53,93242,Lausanne,Premium,senior,upper income
322,1323,32,78237,Basel,Gold,young,middle income
323,1324,76,92162,Lausanne,Basic,,upper income
324,1325,29,81611,Geneva,Premium,young,upper income
325,1326,26,30613,Zurich,Basic,young,low income
326,1327,62,56516,Basel,Premium,old,low income
327,1328,56,76397,Basel,Premium,old,middle income
328,1329,54,49757,Lausanne,Basic,senior,low income
329,1330,54,94998,Geneva,Premium,senior,upper income
330,1331,44,118268,Geneva,Basic,adult,top income
331,1332,31,110469,Lausanne,Premium,young,top income
332,1333,46,74663,Geneva,Basic,senior,middle income
333,1334,34,117268,Bern,Premium,young,top income
334,1335,59,83716,Zurich,Basic,old,upper income
335,1336,42,71572,Basel,Premium,adult,middle income
336,1337,32,64664,Zurich,Basic,young,low income
337,1338,40,72438,Basel,Gold,adult,middle income
338,1339,51,70295,Bern,Gold,senior,middle income
339,1340,36,84260,Geneva,Gold,adult,upper income
340,1341,32,84014,Lausanne,Premium,young,upper income
341,1342,48,80076,Bern,Premium,senior,middle income
342,1343,48,90923,Zurich,Basic,senior,upper income
343,1344,37,109766,Lausanne,Basic,adult,top income
344,1345,37,103738,Geneva,Basic,adult,top income
345,1346,48,42877,Bern,Premium,senior,low income
346,1347,23,30000,Lausanne,Gold,young,low income
347,1348,23,103357,Bern,Basic,young,top income
348,1349,34,45828,Bern,Gold,young,low income
349,1350,41,74380,Geneva,Premium,adult,middle income
350,1351,49,50747,Basel,Premium,senior,low income
351,1352,67,34950,Lausanne,Basic,old,low income
352,1353,57,93536,Geneva,Basic,old,upper income
353,1354,42,98978,Bern,Premium,adult,top income
354,1355,44,65587,Geneva,Premium,adult,middle income
355,1356,29,30000,Basel,Basic,young,low income
356,1357,44,66343,Lausanne,Premium,adult,middle income
357,1358,40,89795,Basel,Gold,adult,upper income
358,1359,49,43027,Zurich,Gold,senior,low income
359,1360,32,84583,Lausanne,Gold,young,upper income
360,1361,52,79617,Basel,Basic,senior,middle income
361,1362,67,94482,Bern,Basic,old,upper income
362,1363,43,82989,Lausanne,Premium,adult,upper income
363,1364,51,55673,Lausanne,Basic,senior,low income
364,1365,55,109914,Geneva,Basic,old,top income
365,1366,38,76036,Bern,Basic,adult,middle income
366,1367,48,79317,Zurich,Basic,senior,middle income
367,1368,45,56668,Basel,Basic,adult,low income
368,1369,46,68917,Geneva,Basic,senior,middle income
369,1370,33,57879,Basel,Basic,young,low income
370,1371,45,75676,Zurich,Basic,adult,middle income
371,1372,52,122792,Zurich,Premium,senior,top income
372,1373,66,45702,Lausanne,Premium,old,low income
373,1374,59,39660,Zurich,Premium,old,low income
374,1375,77,116779,Basel,Basic,,top income
375,1376,33,74766,Bern,Basic,young,middle income
376,1377,58,63273,Bern,Premium,old,low income
377,1378,47,105997,Lausanne,Premium,senior,top income
378,1379,77,64859,Basel,Premium,,middle income
379,1380,32,125650,Basel,Basic,young,top income
380,1381,32,96948,Zurich,Gold,young,upper income
381,1382,36,67802,Basel,Basic,adult,middle income
382,1383,18,133932,Geneva,Basic,young,top income
383,1384,37,64857,Zurich,Premium,adult,middle income
384,1385,33,98552,Geneva,Premium,young,top income
385,1386,47,87482,Lausanne,Basic,senior,upper income
386,1387,50,112543,Bern,Basic,senior,top income
387,1388,73,119037,Lausanne,Premium,,top income
388,1389,59,80800,Bern,Basic,old,middle income
389,1390,36,61164,Lausanne,Basic,adult,low income
390,1391,31,91499,Basel,Basic,young,upper income
391,1392,52,63057,Geneva,Gold,senior,low income
392,1393,25,130334,Bern,Basic,young,top income
393,1394,72,83413,Zurich,Gold,,upper income
394,1395,62,70866,Geneva,Premium,old,middle income
395,1396,37,84617,Zurich,Gold,adult,upper income
396,1397,19,46321,Geneva,Gold,young,low income
397,1398,65,55709,Geneva,Basic,old,low income
398,1399,43,110010,Lausanne,Basic,adult,top income
399,1400,63,63577,Bern,Basic,old,low income
400,1401,21,53827,Bern,Basic,young,low income
401,1402,36,93416,Geneva,Premium,adult,upper income
402,1403,45,109642,Basel,Basic,adult,top income
403,1404,45,97973,Basel,Basic,adult,upper income
404,1405,38,104901,Zurich,Basic,adult,top income
405,1406,54,61080,Zurich,Gold,senior,low income
406,1407,28,44454,Lausanne,Basic,young,low income
407,1408,42,117533,Geneva,Basic,adult,top income
408,1409,46,71933,Zurich,Basic,senior,middle income
409,1410,52,73729,Zurich,Gold,senior,middle income
410,1411,55,113204,Geneva,Premium,old,top income
411,1412,28,93905,Lausanne,Basic,young,upper income
412,1413,21,91397,Zurich,Basic,young,upper income
413,1414,64,134125,Lausanne,Basic,old,top income
414,1415,49,63912,Bern,Basic,senior,low income
415,1416,33,103196,Lausanne,Gold,young,top income
416,1417,68,81425,Basel,Premium,old,middle income
417,1418,46,86714,Basel,Basic,senior,upper income
418,1419,62,118211,Lausanne,Gold,old,top income
419,1420,46,92695,Basel,Basic,senior,upper income
420,1421,75,93457,Bern,Premium,,upper income
421,1422,71,106812,Geneva,Gold,,top income
422,1423,41,70876,Basel,Basic,adult,middle income
423,1424,59,59019,Basel,Premium,old,low income
424,1425,54,53879,Lausanne,Basic,senior,low income
425,1426,65,30841,Bern,Basic,old,low income
426,1427,30,131405,Geneva,Basic,young,top income
427,1428,55,52419,Lausanne,Basic,old,low income
428,1429,60,74468,Lausanne,Premium,old,middle income
429,1430,18,73079,Bern,Gold,young,middle income
430,1431,27,87685,Geneva,Premium,young,upper income
431,1432,18,100393,Bern,Gold,young,top income
432,1433,40,101511,Geneva,Gold,adult,top income
433,1434,55,65423,Bern,Basic,old,middle income
434,1435,67,75821,Lausanne,Basic,old,middle income
435,1436,46,87064,Lausanne,Basic,senior,upper income
436,1437,69,73782,Zurich,Premium,old,middle income
437,1438,24,120183,Basel,Gold,young,top income
438,1439,19,92274,Bern,Basic,young,upper income
439,1440,44,98371,Zurich,Premium,adult,top income
440,1441,50,96572,Basel,Premium,senior,upper income
441,1442,44,109336,Bern,Premium,adult,top income
442,1443,18,84525,Geneva,Basic,young,upper income
443,1444,43,47579,Basel,Basic,adult,low income
444,1445,25,89992,Lausanne,Basic,young,upper income
445,1446,55,63716,Zurich,Basic,old,low income
446,1447,50,66784,Basel,Basic,senior,middle income
447,1448,30,94659,Basel,Premium,young,upper income
448,1449,37,110957,Lausanne,Basic,adult,top income
449,1450,29,80531,Bern,Gold,young,middle income
450,1451,44,87720,Geneva,Premium,adult,upper income
451,1452,59,122555,Lausanne,Premium,old,top income
452,1453,30,86018,Geneva,Basic,young,upper income
453,1454,52,145042,Bern,Premium,senior,top income
454,1455,37,94137,Basel,Gold,adult,upper income
455,1456,33,35980,Geneva,Basic,young,low income
456,1457,43,98833,Zurich,Basic,adult,top income
457,1458,29,89528,Zurich,Premium,young,upper income
458,1459,36,112243,Lausanne,Basic,adult,top income
459,1460,27,96829,Bern,Basic,young,upper income
460,1461,74,76538,Lausanne,Basic,,middle income
461,1462,45,49392,Lausanne,Basic,adult,low income
462,1463,34,74774,Lausanne,Premium,young,middle income
463,1464,48,58736,Zurich,Basic,senior,low income
464,1465,43,65486,Zurich,Gold,adult,middle income
465,1466,41,94714,Lausanne,Premium,adult,upper income
466,1467,54,121747,Zurich,Premium,senior,top income
467,1468,56,89866,Bern,Premium,old,upper income
468,1469,37,50102,Lausanne,Gold,adult,low income
469,1470,36,91115,Zurich,Basic,adult,upper income
470,1471,40,109915,Geneva,Gold,adult,top income
471,1472,18,64755,Lausanne,Premium,young,low income
472,1473,22,76649,Lausanne,Premium,young,middle income
473,1474,65,80367,Bern,Premium,old,middle income
474,1475,69,60377,Basel,Basic,old,low income
475,1476,41,96207,Basel,Basic,adult,upper income
476,1477,53,76976,Bern,Premium,senior,middle income
477,1478,49,90488,Bern,Basic,senior,upper income
478,1479,80,57812,Bern,Premium,,low income
479,1480,61,69063,Basel,Basic,old,middle income
480,1481,43,98059,Bern,Basic,adult,upper income
481,1482,30,70679,Zurich,Basic,young,middle income
482,1483,20,123174,Lausanne,Basic,young,top income
483,1484,48,70009,Lausanne,Premium,senior,middle income
484,1485,33,85617,Geneva,Basic,young,upper income
485,1486,23,103314,Geneva,Gold,young,top income
486,1487,35,44540,Lausanne,Premium,young,low income
487,1488,28,35979,Zurich,Basic,young,low income
488,1489,70,41858,Basel,Premium,,low income
489,1490,58,111564,Basel,Gold,old,top income
490,1491,44,66203,Zurich,Premium,adult,middle income
491,1492,67,143954,Basel,Basic,old,top income
492,1493,46,65893,Bern,Gold,senior,middle income
493,1494,32,84613,Lausanne,Premium,young,upper income
494,1495,67,118552,Lausanne,Basic,old,top income
495,1496,53,130152,Zurich,Basic,senior,top income
496,1497,29,131537,Basel,Premium,young,top income
497,1498,42,110209,Geneva,Basic,adult,top income
498,1499,31,105601,Geneva,Gold,young,top income
499,1500,24,94813,Basel,Basic,young,upper income
500,1501,58,99459,Geneva,Gold,old,top income
501,1502,73,66220,Zurich,Premium,,middle income
502,1503,24,59545,Zurich,Basic,young,low income
503,1504,53,79915,Basel,Basic,senior,middle income
504,1505,35,75745,Geneva,Premium,young,middle income
505,1506,37,68669,Zurich,Premium,adult,middle income
506,1507,36,97409,Zurich,Premium,adult,upper income
507,1508,32,103882,Bern,Basic,young,top income
508,1509,45,82210,Bern,Basic,adult,upper income
509,1510,32,116938,Zurich,Basic,young,top income
510,1511,49,51457,Basel,Premium,senior,low income
511,1512,44,75158,Lausanne,Basic,adult,middle income
512,1513,41,62079,Lausanne,Basic,adult,low income
513,1514,31,33336,Zurich,Premium,young,low income
514,1515,36,77932,Zurich,Gold,adult,middle income
515,1516,56,76956,Zurich,Basic,old,middle income
516,1517,52,117836,Basel,Basic,senior,top income
517,1518,30,95770,Bern,Premium,young,upper income
518,1519,46,54395,Zurich,Premium,senior,low income
519,1520,56,126352,Zurich,Basic,old,top income
520,1521,19,110525,Geneva,Gold,young,top income
521,1522,53,94552,Basel,Gold,senior,upper income
522,1523,35,74337,Zurich,Basic,young,middle income
523,1524,53,56014,Geneva,Basic,senior,low income
524,1525,33,70694,Lausanne,Premium,young,middle income
525,1526,18,107218,Zurich,Premium,young,top income
526,1527,20,127114,Zurich,Basic,young,top income
527,1528,45,118581,Geneva,Premium,adult,top income
528,1529,48,67778,Basel,Premium,senior,middle income
529,1530,31,52009,Zurich,Basic,young,low income
530,1531,54,83522,Lausanne,Premium,senior,upper income
531,1532,20,35789,Zurich,Gold,young,low income
532,1533,44,88079,Lausanne,Basic,adult,upper income
533,1534,26,76309,Bern,Basic,young,middle income
534,1535,35,68349,Bern,Basic,young,middle income
535,1536,45,40132,Lausanne,Gold,adult,low income
536,1537,32,92840,Basel,Gold,young,upper income
537,1538,39,66682,Zurich,Basic,adult,middle income
538,1539,60,50752,Zurich,Premium,old,low income
539,1540,36,30000,Bern,Premium,adult,low income
540,1541,57,79312,Lausanne,Premium,old,middle income
541,1542,28,124306,Zurich,Basic,young,top income
542,1543,52,121531,Zurich,Basic,senior,top income
543,1544,66,68572,Basel,Basic,old,middle income
544,1545,18,64944,Geneva,Premium,young,middle income
545,1546,33,91719,Bern,Basic,young,upper income
546,1547,53,55040,Bern,Gold,senior,low income
547,1548,41,87544,Geneva,Basic,adult,upper income
548,1549,50,99152,Zurich,Basic,senior,top income
549,1550,35,110673,Basel,Premium,young,top income
550,1551,46,77496,Basel,Premium,senior,middle income
551,1552,42,74908,Bern,Basic,adult,middle income
552,1553,62,58050,Basel,Basic,old,low income
553,1554,48,59327,Geneva,Gold,senior,low income
554,1555,50,74338,Zurich,Basic,senior,middle income
555,1556,38,89184,Geneva,Basic,adult,upper income
556,1557,37,102839,Lausanne,Gold,adult,top income
557,1558,38,59920,Bern,Basic,adult,low income
558,1559,50,117317,Basel,Basic,senior,top income
559,1560,38,73221,Lausanne,Basic,adult,middle income
560,1561,49,79465,Basel,Basic,senior,middle income
561,1562,76,61319,Zurich,Basic,,low income
562,1563,58,30000,Zurich,Basic,old,low income
563,1564,40,102101,Zurich,Basic,adult,top income
564,1565,63,98421,Basel,Basic,old,top income
565,1566,38,72966,Lausanne,Premium,adult,middle income
566,1567,18,81674,Zurich,Basic,young,upper income
567,1568,29,92898,Lausanne,Basic,young,upper income
568,1569,18,40936,Basel,Gold,young,low income
569,1570,39,66773,Lausanne,Premium,adult,middle income
570,1571,45,99856,Basel,Basic,adult,top income
571,1572,70,48642,Basel,Gold,,low income
572,1573,49,87338,Bern,Basic,senior,upper income
573,1574,41,46085,Basel,Basic,adult,low income
574,1575,57,91660,Basel,Premium,old,upper income
575,1576,18,79108,Geneva,Premium,young,middle income
576,1577,48,39621,Zurich,Basic,senior,low income
577,1578,56,109118,Bern,Basic,old,top income
578,1579,22,61635,Bern,Premium,young,low income
579,1580,62,59743,Bern,Basic,old,low income
580,1581,50,85014,Geneva,Gold,senior,upper income
581,1582,38,108715,Basel,Basic,adult,top income
582,1583,54,54604,Zurich,Gold,senior,low income
583,1584,79,81541,Lausanne,Premium,,middle income
584,1585,47,90720,Basel,Gold,senior,upper income
585,1586,48,97327,Geneva,Premium,senior,upper income
586,1587,38,84411,Basel,Premium,adult,upper income
587,1588,32,70824,Basel,Basic,young,middle income
588,1589,57,59310,Geneva,Basic,old,low income
589,1590,32,82153,Bern,Basic,young,upper income
590,1591,46,53196,Bern,Gold,senior,low income
591,1592,37,30000,Zurich,Gold,adult,low income
592,1593,52,90913,Zurich,Basic,senior,upper income
593,1594,50,102598,Bern,Basic,senior,top income
594,1595,60,30000,Lausanne,Basic,old,low income
595,1596,37,54756,Basel,Premium,adult,low income
596,1597,40,95478,Lausanne,Basic,adult,upper income
597,1598,30,131437,Basel,Premium,young,top income
598,1599,38,80519,Bern,Gold,adult,middle income
599,1600,50,61799,Zurich,Basic,senior,low income
600,1601,56,75427,Zurich,Basic,old,middle income
601,1602,31,114371,Lausanne,Basic,young,top income
602,1603,58,63850,Zurich,Basic,old,low income
603,1604,65,60020,Bern,Basic,old,low income
604,1605,51,67931,Lausanne,Basic,senior,middle income
605,1606,73,56166,Basel,Gold,,low income
606,1607,33,83066,Zurich,Basic,young,upper income
607,1608,26,120616,Geneva,Basic,young,top income
608,1609,18,88076,Zurich,Gold,young,upper income
609,1610,67,73691,Basel,Premium,old,middle income
610,1611,54,72704,Lausanne,Basic,senior,middle income
611,1612,44,40920,Basel,Premium,adult,low income
612,1613,49,102077,Geneva,Basic,senior,top income
613,1614,28,78054,Bern,Premium,young,middle income
614,1615,80,75488,Zurich,Premium,,middle income
615,1616,46,159827,Lausanne,Premium,senior,top income
616,1617,46,87468,Bern,Basic,senior,upper income
617,1618,55,61205,Basel,Gold,old,low income
618,1619,52,69341,Lausanne,Basic,senior,middle income
619,1620,48,108711,Bern,Basic,senior,top income
620,1621,33,82831,Lausanne,Basic,young,upper income
621,1622,52,44043,Geneva,Basic,senior,low income
622,1623,73,102980,Geneva,Basic,,top income
623,1624,65,63296,Zurich,Gold,old,low income
624,1625,68,126832,Zurich,Gold,old,top income
625,1626,37,107001,Geneva,Basic,adult,top income
626,1627,30,68816,Lausanne,Basic,young,middle income
627,1628,43,112025,Geneva,Basic,adult,top income
628,1629,45,81696,Zurich,Basic,adult,upper income
629,1630,61,101319,Geneva,Basic,old,top income
630,1631,19,92118,Geneva,Gold,young,upper income
631,1632,67,58841,Lausanne,Basic,old,low income
632,1633,42,63911,Bern,Basic,adult,low income
633,1634,38,105749,Zurich,Basic,adult,top income
634,1635,29,71630,Lausanne,Gold,young,middle income
635,1636,20,69908,Geneva,Premium,young,middle income
636,1637,57,56121,Geneva,Gold,old,low income
637,1638,46,90589,Bern,Premium,senior,upper income
638,1639,25,131563,Zurich,Basic,young,top income
639,1640,25,53311,Zurich,Basic,young,low income
640,1641,39,80605,Basel,Premium,adult,middle income
641,1642,70,115305,Zurich,Basic,,top income
642,1643,41,78008,Bern,Premium,adult,middle income
643,1644,22,91309,Basel,Basic,young,upper income
644,1645,41,53440,Basel,Basic,adult,low income
645,1646,40,90707,Geneva,Premium,adult,upper income
646,1647,18,75321,Geneva,Premium,young,middle income
647,1648,44,104643,Zurich,Premium,adult,top income
648,1649,41,109684,Basel,Basic,adult,top income
649,1650,55,144739,Geneva,Premium,old,top income
650,1651,72,94490,Bern,Basic,,upper income
651,1652,61,88144,Geneva,Basic,old,upper income
652,1653,40,84859,Geneva,Basic,adult,upper income
653,1654,28,71170,Basel,Basic,young,middle income
654,1655,80,88462,Basel,Basic,,upper income
655,1656,45,72614,Lausanne,Basic,adult,middle income
656,1657,45,84211,Bern,Basic,adult,upper income
657,1658,44,112939,Basel,Basic,adult,top income
658,1659,47,54836,Zurich,Basic,senior,low income
659,1660,42,108496,Bern,Basic,adult,top income
660,1661,36,112927,Bern,Basic,adult,top income
661,1662,36,77048,Basel,Premium,adult,middle income
662,1663,44,30000,Bern,Basic,adult,low income
663,1664,36,64804,Basel,Basic,adult,low income
664,1665,34,112424,Geneva,Basic,young,top income
665,1666,46,79428,Lausanne,Premium,senior,middle income
666,1667,41,55017,Geneva,Gold,adult,low income
667,1668,67,67380,Basel,Premium,old,middle income
668,1669,18,101015,Basel,Premium,young,top income
669,1670,61,93668,Geneva,Basic,old,upper income
670,1671,63,74026,Zurich,Premium,old,middle income
671,1672,18,70829,Zurich,Premium,young,middle income
672,1673,39,70206,Zurich,Basic,adult,middle income
673,1674,39,56939,Basel,Basic,adult,low income
674,1675,23,120384,Bern,Basic,young,top income
675,1676,33,71941,Basel,Gold,young,middle income
676,1677,28,110428,Bern,Premium,young,top income
677,1678,71,118032,Geneva,Premium,,top income
678,1679,59,104957,Lausanne,Basic,old,top income
679,1680,64,69209,Bern,Basic,old,middle income
680,1681,55,90093,Zurich,Basic,old,upper income
681,1682,28,79395,Basel,Basic,young,middle income
682,1683,37,57407,Geneva,Gold,adult,low income
683,1684,52,88108,Zurich,Premium,senior,upper income
684,1685,26,50524,Geneva,Basic,young,low income
685,1686,55,109691,Lausanne,Gold,old,top income
686,1687,41,68384,Basel,Basic,adult,middle income
687,1688,39,85028,Basel,Gold,adult,upper income
688,1689,55,87082,Lausanne,Basic,old,upper income
689,1690,51,73527,Basel,Basic,senior,middle income
690,1691,39,94667,Bern,Basic,adult,upper income
691,1692,62,68127,Geneva,Basic,old,middle income
692,1693,28,101782,Zurich,Basic,young,top income
693,1694,54,46350,Lausanne,Premium,senior,low income
694,1695,53,83159,Bern,Gold,senior,upper income
695,1696,40,128473,Zurich,Premium,adult,top income
696,1697,49,54991,Zurich,Basic,senior,low income
697,1698,26,63056,Lausanne,Premium,young,low income
698,1699,58,92847,Bern,Basic,old,upper income
699,1700,42,84489,Zurich,Basic,adult,upper income
700,1701,37,88765,Zurich,Premium,adult,upper income
701,1702,60,92229,Bern,Premium,old,upper income
702,1703,34,95868,Basel,Basic,young,upper income
703,1704,23,107742,Zurich,Basic,young,top income
704,1705,21,90245,Geneva,Gold,young,upper income
705,1706,54,73968,Bern,Basic,senior,middle income
706,1707,25,96814,Zurich,Basic,young,upper income
707,1708,71,127497,Lausanne,Premium,,top income
708,1709,18,76684,Geneva,Basic,young,middle income
709,1710,70,55636,Zurich,Basic,,low income
710,1711,48,107677,Geneva,Basic,senior,top income
711,1712,43,76990,Geneva,Premium,adult,middle income
712,1713,36,30000,Basel,Premium,adult,low income
713,1714,50,101185,Geneva,Premium,senior,top income
714,1715,44,66616,Basel,Gold,adult,middle income
715,1716,61,77736,Bern,Premium,old,middle income
716,1717,46,88299,Basel,Basic,senior,upper income
717,1718,47,84762,Lausanne,Basic,senior,upper income
718,1719,39,97736,Zurich,Premium,adult,upper income
719,1720,44,69112,Bern,Premium,adult,middle income
720,1721,49,92827,Bern,Premium,senior,upper income
721,1722,19,73511,Lausanne,Premium,young,middle income
722,1723,24,98470,Basel,Basic,young,top income
723,1724,56,95384,Zurich,Basic,old,upper income
724,1725,47,56614,Basel,Basic,senior,low income
725,1726,42,107149,Geneva,Basic,adult,top income
726,1727,45,66600,Basel,Basic,adult,middle income
727,1728,50,100201,Bern,Premium,senior,top income
728,1729,36,89182,Zurich,Premium,adult,upper income
729,1730,33,125954,Basel,Basic,young,top income
730,1731,47,74413,Zurich,Basic,senior,middle income
731,1732,30,71267,Zurich,Basic,young,middle income
732,1733,51,79514,Geneva,Basic,senior,middle income
733,1734,19,72420,Geneva,Premium,young,middle income
734,1735,60,99998,Bern,Premium,old,top income
735,1736,52,39592,Lausanne,Premium,senior,low income
736,1737,48,53657,Zurich,Premium,senior,low income
737,1738,59,53304,Lausanne,Premium,old,low income
738,1739,69,103757,Bern,Basic,old,top income
739,1740,60,122765,Zurich,Basic,old,top income
740,1741,18,77388,Zurich,Basic,young,middle income
741,1742,25,75779,Lausanne,Gold,young,middle income
742,1743,35,81751,Basel,Basic,young,upper income
743,1744,45,109046,Geneva,Basic,adult,top income
744,1745,52,56816,Basel,Gold,senior,low income
745,1746,34,85959,Lausanne,Gold,young,upper income
746,1747,47,104379,Geneva,Premium,senior,top income
747,1748,33,92527,Basel,Basic,young,upper income
748,1749,35,84739,Geneva,Basic,young,upper income
749,1750,23,105026,Zurich,Basic,young,top income
750,1751,31,30000,Basel,Basic,young,low income
751,1752,24,96946,Geneva,Basic,young,upper income
752,1753,30,63648,Geneva,Basic,young,low income
753,1754,60,34234,Geneva,Gold,old,low income
754,1755,30,92780,Basel,Basic,young,upper income
755,1756,80,114341,Bern,Premium,,top income
756,1757,52,76563,Basel,Premium,senior,middle income
757,1758,47,103821,Lausanne,Basic,senior,top income
758,1759,32,120306,Basel,Premium,young,top income
759,1760,55,112872,Geneva,Basic,old,top income
760,1761,36,120999,Zurich,Basic,adult,top income
761,1762,46,98553,Basel,Premium,senior,top income
762,1763,80,81885,Basel,Basic,,upper income
763,1764,43,39950,Geneva,Gold,adult,low income
764,1765,62,73848,Zurich,Basic,old,middle income
765,1766,34,58918,Zurich,Premium,young,low income
766,1767,44,134273,Lausanne,Basic,adult,top income
767,1768,71,75602,Basel,Basic,,middle income
768,1769,35,83080,Zurich,Basic,young,upper income
769,1770,72,93787,Zurich,Premium,,upper income
770,1771,55,81090,Bern,Gold,old,middle income
771,1772,36,122376,Bern,Gold,adult,top income
772,1773,54,64433,Zurich,Basic,senior,low income
773,1774,59,84865,Lausanne,Premium,old,upper income
774,1775,54,61438,Zurich,Premium,senior,low income
775,1776,21,46999,Geneva,Premium,young,low income
776,1777,34,64705,Basel,Basic,young,low income
777,1778,41,79074,Lausanne,Premium,adult,middle income
778,1779,43,69267,Geneva,Gold,adult,middle income
779,1780,54,62689,Lausanne,Basic,senior,low income
780,1781,47,44842,Geneva,Gold,senior,low income
781,1782,24,77922,Basel,Premium,young,middle income
782,1783,50,42381,Basel,Basic,senior,low income
783,1784,54,99001,Bern,Basic,senior,top income
784,1785,53,82060,Geneva,Basic,senior,upper income
785,1786,61,43561,Bern,Premium,old,low income
786,1787,57,72269,Geneva,Gold,old,middle income
787,1788,51,61196,Bern,Basic,senior,low income
788,1789,43,87979,Basel,Gold,adult,upper income
789,1790,20,113511,Lausanne,Gold,young,top income
790,1791,51,33120,Bern,Basic,senior,low income
791,1792,48,82875,Geneva,Gold,senior,upper income
792,1793,49,75996,Geneva,Gold,senior,middle income
793,1794,25,96783,Basel,Premium,young,upper income
794,1795,28,85329,Geneva,Premium,young,upper income
795,1796,60,61200,Zurich,Gold,old,low income
796,1797,44,72023,Lausanne,Premium,adult,middle income
797,1798,55,60099,Bern,Basic,old,low income
798,1799,45,106900,Lausanne,Gold,adult,top income
799,1800,45,80532,Basel,Premium,adult,middle income
800,1801,59,127529,Bern,Premium,old,top income
801,1802,37,78483,Bern,Basic,adult,middle income
802,1803,46,62289,Zurich,Premium,senior,low income
803,1804,38,42157,Basel,Basic,adult,low income
804,1805,38,34921,Geneva,Gold,adult,low income
805,1806,40,40396,Zurich,Basic,adult,low income
806,1807,48,86678,Zurich,Basic,senior,upper income
807,1808,37,92718,Lausanne,Basic,adult,upper income
808,1809,63,40470,Lausanne,Basic,old,low income
809,1810,31,102375,Lausanne,Premium,young,top income
810,1811,42,67923,Zurich,Gold,adult,middle income
811,1812,38,83669,Geneva,Gold,adult,upper income
812,1813,66,120305,Bern,Basic,old,top income
813,1814,47,102420,Lausanne,Basic,senior,top income
814,1815,60,73286,Geneva,Gold,old,middle income
815,1816,22,57720,Basel,Gold,young,low income
816,1817,49,30000,Lausanne,Basic,senior,low income
817,1818,58,62021,Bern,Basic,old,low income
818,1819,46,74721,Basel,Basic,senior,middle income
819,1820,60,55320,Basel,Gold,old,low income
820,1821,37,76718,Bern,Premium,adult,middle income
821,1822,66,81921,Lausanne,Basic,old,upper income
822,1823,79,74378,Zurich,Basic,,middle income
823,1824,39,63749,Bern,Gold,adult,low income
824,1825,38,84216,Bern,Basic,adult,upper income
825,1826,66,91048,Bern,Basic,old,upper income
826,1827,68,52740,Basel,Premium,old,low income
827,1828,37,115273,Geneva,Basic,adult,top income
828,1829,38,77535,Zurich,Basic,adult,middle income
829,1830,40,80471,Lausanne,Gold,adult,middle income
830,1831,24,97705,Lausanne,Gold,young,upper income
831,1832,31,85830,Geneva,Gold,young,upper income
832,1833,29,103828,Bern,Gold,young,top income
833,1834,33,87178,Zurich,Premium,young,upper income
834,1835,44,64689,Lausanne,Gold,adult,low income
835,1836,48,89037,Lausanne,Basic,senior,upper income
836,1837,68,51406,Bern,Premium,old,low income
837,1838,30,82713,Geneva,Gold,young,upper income
838,1839,59,79169,Zurich,Basic,old,middle income
839,1840,41,74797,Geneva,Basic,adult,middle income
840,1841,44,76786,Geneva,Basic,adult,middle income
841,1842,55,32953,Zurich,Basic,old,low income
842,1843,28,66281,Zurich,Basic,young,middle income
843,1844,50,82321,Lausanne,Gold,senior,upper income
844,1845,47,83996,Lausanne,Gold,senior,upper income
845,1846,52,54308,Zurich,Basic,senior,low income
846,1847,49,111642,Basel,Basic,senior,top income
847,1848,80,58345,Lausanne,Basic,,low income
848,1849,35,104236,Basel,Gold,young,top income
849,1850,37,90679,Zurich,Basic,adult,upper income
850,1851,35,63844,Lausanne,Basic,young,low income
851,1852,36,124382,Geneva,Basic,adult,top income
852,1853,35,50159,Zurich,Basic,young,low income
853,1854,62,102978,Bern,Basic,old,top income
854,1855,66,105014,Basel,Gold,old,top income
855,1856,36,63234,Zurich,Premium,adult,low income
856,1857,32,114811,Zurich,Premium,young,top income
857,1858,52,73748,Lausanne,Basic,senior,middle income
858,1859,36,87217,Lausanne,Premium,adult,upper income
859,1860,54,86508,Lausanne,Premium,senior,upper income
860,1861,48,76642,Bern,Basic,senior,middle income
861,1862,22,100270,Lausanne,Premium,young,top income
862,1863,68,99837,Zurich,Basic,old,top income
863,1864,71,36286,Lausanne,Gold,,low income
864,1865,35,112608,Geneva,Basic,young,top income
865,1866,39,38437,Lausanne,Gold,adult,low income
866,1867,49,105813,Bern,Basic,senior,top income
867,1868,50,108167,Geneva,Premium,senior,top income
868,1869,54,52725,Zurich,Premium,senior,low income
869,1870,75,69729,Zurich,Premium,,middle income
870,1871,42,52357,Basel,Basic,adult,low income
871,1872,33,74626,Geneva,Basic,young,middle income
872,1873,24,72299,Basel,Premium,young,middle income
873,1874,34,99491,Geneva,Basic,young,top income
874,1875,44,112757,Geneva,Basic,adult,top income
875,1876,71,114892,Bern,Premium,,top income
876,1877,37,65945,Basel,Premium,adult,middle income
877,1878,48,74769,Bern,Basic,senior,middle income
878,1879,44,37914,Geneva,Basic,adult,low income
879,1880,62,59853,Zurich,Basic,old,low income
880,1881,80,104121,Geneva,Premium,,top income
881,1882,37,120389,Bern,Premium,adult,top income
882,1883,37,49141,Basel,Gold,adult,low income
883,1884,60,65188,Basel,Gold,old,middle income
884,1885,55,79339,Bern,Basic,old,middle income
885,1886,72,87004,Basel,Basic,,upper income
886,1887,53,59759,Lausanne,Basic,senior,low income
887,1888,39,90601,Zurich,Basic,adult,upper income
888,1889,53,68154,Zurich,Gold,senior,middle income
889,1890,61,79638,Zurich,Premium,old,middle income
890,1891,57,93657,Basel,Basic,old,upper income
891,1892,52,80160,Basel,Basic,senior,middle income
892,1893,61,69090,Geneva,Premium,old,middle income
893,1894,62,77259,Geneva,Premium,old,middle income
894,1895,65,77790,Zurich,Basic,old,middle income
895,1896,54,70749,Lausanne,Gold,senior,middle income
896,1897,42,73530,Geneva,Premium,adult,middle income
897,1898,47,119966,Geneva,Basic,senior,top income
898,1899,63,94022,Basel,Gold,old,upper income
899,1900,32,72612,Lausanne,Basic,young,middle income
900,1901,50,97423,Zurich,Gold,senior,upper income
901,1902,39,71654,Geneva,Gold,adult,middle income
902,1903,45,109328,Lausanne,Premium,adult,top income
903,1904,64,89241,Lausanne,Premium,old,upper income
904,1905,47,77317,Zurich,Basic,senior,middle income
905,1906,45,91192,Lausanne,Gold,adult,upper income
906,1907,24,40728,Lausanne,Premium,young,low income
907,1908,56,51830,Lausanne,Premium,old,low income
908,1909,54,50151,Geneva,Gold,senior,low income
909,1910,77,83573,Zurich,Gold,,upper income
910,1911,40,123312,Lausanne,Gold,adult,top income
911,1912,48,135782,Lausanne,Basic,senior,top income
912,1913,48,95951,Geneva,Gold,senior,upper income
913,1914,68,92521,Zurich,Premium,old,upper income
914,1915,43,34973,Basel,Gold,adult,low income
915,1916,49,66433,Geneva,Premium,senior,middle income
916,1917,54,60305,Zurich,Basic,senior,low income
917,1918,47,64478,Lausanne,Basic,senior,low income
918,1919,38,75796,Zurich,Premium,adult,middle income
919,1920,47,68197,Zurich,Premium,senior,middle income
920,1921,61,30517,Zurich,Basic,old,low income
921,1922,29,98697,Basel,Premium,young,top income
922,1923,46,53181,Zurich,Basic,senior,low income
923,1924,34,85981,Basel,Gold,young,upper income
924,1925,62,131852,Lausanne,Basic,old,top income
925,1926,22,57015,Basel,Basic,young,low income
926,1927,36,30000,Lausanne,Basic,adult,low income
927,1928,50,72849,Lausanne,Basic,senior,middle income
928,1929,68,107523,Basel,Basic,old,top income
929,1930,44,128958,Geneva,Basic,adult,top income
930,1931,36,49261,Bern,Basic,adult,low income
931,1932,73,92417,Zurich,Gold,,upper income
932,1933,23,68367,Bern,Gold,young,middle income
933,1934,18,77351,Zurich,Basic,young,middle income
934,1935,51,146108,Zurich,Gold,senior,top income
935,1936,37,42425,Lausanne,Basic,adult,low income
936,1937,29,86343,Zurich,Premium,young,upper income
937,1938,55,91692,Zurich,Premium,old,upper income
938,1939,48,107144,Basel,Basic,senior,top income
939,1940,36,82449,Bern,Basic,adult,upper income
940,1941,25,87701,Basel,Basic,young,upper income
941,1942,58,70208,Zurich,Basic,old,middle income
942,1943,54,86728,Lausanne,Premium,senior,upper income
943,1944,43,71420,Basel,Basic,adult,middle income
944,1945,72,95539,Basel,Basic,,upper income
945,1946,28,70759,Geneva,Basic,young,middle income
946,1947,22,89427,Zurich,Basic,young,upper income
947,1948,34,79268,Lausanne,Premium,young,middle income
948,1949,44,108151,Basel,Basic,adult,top income
949,1950,48,78715,Basel,Gold,senior,middle income
950,1951,41,35674,Lausanne,Basic,adult,low income
951,1952,50,111548,Zurich,Basic,senior,top income
952,1953,26,57356,Geneva,Premium,young,low income
953,1954,66,63655,Basel,Basic,old,low income
954,1955,43,65108,Geneva,Premium,adult,middle income
955,1956,61,114360,Bern,Premium,old,top income
956,1957,50,30000,Zurich,Basic,senior,low income
957,1958,51,158443,Bern,Basic,senior,top income
958,1959,53,106401,Bern,Basic,senior,top income
959,1960,51,85580,Bern,Basic,senior,upper income
960,1961,54,78627,Zurich,Basic,senior,middle income
961,1962,64,87138,Zurich,Basic,old,upper income
962,1963,47,93028,Lausanne,Basic,senior,upper income
963,1964,55,96130,Geneva,Premium,old,upper income
964,1965,43,93890,Geneva,Premium,adult,upper income
965,1966,66,82239,Lausanne,Premium,old,upper income
966,1967,34,75066,Lausanne,Basic,young,middle income
967,1968,72,76218,Bern,Basic,,middle income
968,1969,44,75127,Lausanne,Gold,adult,middle income
969,1970,23,108344,Basel,Premium,young,top income
970,1971,46,94838,Geneva,Gold,senior,upper income
971,1972,34,30000,Lausanne,Basic,young,low income
972,1973,57,96397,Basel,Premium,old,upper income
973,1974,35,84868,Basel,Premium,young,upper income
974,1975,38,79532,Basel,Basic,adult,middle income
975,1976,18,70287,Basel,Basic,young,middle income
976,1977,38,108102,Bern,Premium,adult,top income
977,1978,18,103688,Basel,Basic,young,top income
978,1979,21,60678,Bern,Basic,young,low income
979,1980,56,90176,Bern,Premium,old,upper income
980,1981,56,55708,Basel,Gold,old,low income
981,1982,51,45509,Geneva,Basic,senior,low income
982,1983,30,64332,Basel,Basic,young,low income
983,1984,44,101559,Basel,Basic,adult,top income
984,1985,44,103828,Basel,Premium,adult,top income
985,1986,27,92827,Geneva,Basic,young,upper income
986,1987,67,98127,Zurich,Gold,old,upper income
987,1988,58,92904,Zurich,Basic,old,upper income
988,1989,41,63962,Bern,Basic,adult,low income
989,1990,45,90798,Bern,Premium,adult,upper income
990,1991,48,100010,Geneva,Gold,senior,top income
991,1992,18,98857,Lausanne,Basic,young,top income
992,1993,41,109722,Zurich,Basic,adult,top income
993,1994,34,97707,Bern,Gold,young,upper income
994,1995,29,88786,Zurich,Basic,young,upper income
995,1996,40,106753,Geneva,Gold,adult,top income
996,1997,71,79336,Geneva,Basic,,middle income
997,1998,54,57953,Lausanne,Premium,senior,low income
998,1999,36,75923,Lausanne,Premium,adult,middle income
999,2000,53,61377,Geneva,Basic,senior,low income
